{"test_loss": 185.57432556152344, "test_cer": 2.017847621720219, "test_wer": 2.350091718187377}