{"test_loss": 23006.818359375, "test_cer": 2.078736848004259, "test_wer": 10.198518315269585}