{"test_loss": 179.94766235351562, "test_cer": 1.7631593675668114, "test_wer": 2.707663782447466}