{"test_loss": 23738.064453125, "test_cer": 2.074604729257031, "test_wer": 10.184796044499382}